bengaluru,bengalurus,bilaspur,bjp,cars,caused,chennai,chirag,city,commuters,congestion,daily,delhi,discipline,drivers,flyover,gridlock,heavy,highway,hours,india,indias,jam,just,kindly,lane,like,major,massive,metro,multiple,mumbai,nagar,near,packed,peak,people,police,road,roads,silicon,sir,stuck,tax,time,times,traffic,transport,valley,vehicles
0.5174164848496251,0.0,0.0,0.0,0.0,0.0,0.0,0.0,0.0,0.0,0.3742209079262586,0.0,0.0,0.0,0.5807815370739206,0.0,0.0,0.0,0.0,0.0,0.0,0.0,0.0,0.0,0.0,0.0,0.0,0.0,0.0,0.0,0.0,0.0,0.0,0.0,0.0,0.0,0.0,0.0,0.0,0.0,0.0,0.0,0.0,0.5049076147878524,0.0,0.0,0.0,0.0,0.0,0.0
0.0,0.0,0.0,0.0,0.0,0.0,0.0,0.0,0.0,0.0,0.0,0.0,0.0,0.0,0.0,0.0,0.0,0.0,0.0,0.0,0.0,0.0,0.0,0.0,0.0,0.0,0.0,0.0,0.0,0.0,0.0,0.0,0.0,0.0,0.0,0.0,0.0,0.0,0.0,0.0,0.0,0.0,0.0,0.9373642750238702,0.0,0.0,0.34835070820794145,0.0,0.0,0.0
0.0,0.0,0.0,0.0,0.0,0.0,0.0,0.0,0.0,0.0,0.8939227888218374,0.0,0.0,0.0,0.0,0.0,0.0,0.0,0.0,0.0,0.0,0.0,0.0,0.0,0.0,0.0,0.0,0.0,0.0,0.0,0.0,0.0,0.0,0.0,0.0,0.0,0.0,0.0,0.0,0.0,0.0,0.0,0.0,0.0,0.0,0.0,0.4482209807951751,0.0,0.0,0.0
0.0,0.0,0.0,0.0,0.0,0.0,0.0,0.0,0.0,0.0,0.6820570015293637,0.0,0.0,0.0,0.0,0.0,0.0,0.0,0.0,0.0,0.6464065205746238,0.0,0.0,0.0,0.0,0.0,0.0,0.0,0.0,0.0,0.0,0.0,0.0,0.0,0.0,0.0,0.0,0.0,0.0,0.0,0.0,0.0,0.0,0.0,0.0,0.0,0.3419895565998792,0.0,0.0,0.0
0.0,0.0,0.0,0.0,0.0,0.0,0.0,0.0,0.696302252483163,0.0,0.2453519723189209,0.0,0.0,0.0,0.0,0.0,0.0,0.0,0.0,0.0,0.23252765441477136,0.0,0.0,0.39446189136001064,0.0,0.0,0.3392358694538636,0.0,0.0,0.0,0.0,0.0,0.0,0.0,0.0,0.0,0.0,0.0,0.0,0.3392358694538636,0.0,0.0,0.0,0.0,0.0,0.0,0.12302170058530103,0.0,0.0,0.0
0.0,0.0,0.0,0.0,0.0,0.0,0.0,0.0,0.0,0.0,0.2756947656164053,0.0,0.5513895312328106,0.0,0.0,0.0,0.0,0.0,0.0,0.3912071390381824,0.2612844583123376,0.0,0.0,0.0,0.42787141591105854,0.0,0.0,0.0,0.0,0.0,0.0,0.0,0.0,0.0,0.0,0.44324517816283104,0.0,0.0,0.0,0.0,0.0,0.0,0.0,0.0,0.0,0.0,0.13823585189896034,0.0,0.0,0.0
0.0,0.0,0.0,0.0,0.0,0.0,0.0,0.0,0.0,0.0,0.23468373698573664,0.0,0.7040512109572099,0.0,0.0,0.0,0.0,0.0,0.0,0.3330130447696687,0.22241703775526628,0.0,0.0,0.0,0.3642233199853338,0.0,0.0,0.0,0.0,0.0,0.0,0.0,0.0,0.0,0.0,0.37731015523485123,0.0,0.0,0.0,0.0,0.0,0.0,0.0,0.0,0.0,0.0,0.11767255078826347,0.0,0.0,0.0
0.0,0.0,0.0,0.0,0.0,0.0,0.0,0.0,0.0,0.0,0.0,0.0,0.0,0.0,0.0,0.0,0.0,0.0,0.0,0.0,0.0,0.0,0.0,0.0,0.0,0.0,0.0,0.0,0.0,0.0,0.0,0.0,0.0,0.0,0.0,0.0,0.0,0.0,0.0,0.0,0.0,0.0,0.0,0.0,0.0,0.0,0.0,0.0,0.0,0.0
0.45867137516626605,0.0,0.0,0.0,0.0,0.0,0.0,0.0,0.0,0.0,0.33173357146591503,0.0,0.0,0.0,0.0,0.0,0.0,0.0,0.0,0.0,0.0,0.5333409419589362,0.0,0.0,0.0,0.0,0.0,0.0,0.0,0.0,0.0,0.5333409419589362,0.0,0.0,0.0,0.0,0.0,0.0,0.0,0.0,0.0,0.0,0.0,0.0,0.0,0.0,0.332668433167718,0.0,0.0,0.0
0.0,0.0,0.0,0.0,0.0,0.0,0.0,0.0,0.0,0.0,0.33050928265211155,0.0,0.0,0.0,0.0,0.0,0.0,0.0,0.0,0.0,0.3132338718578034,0.0,0.0,0.0,0.0,0.0,0.0,0.0,0.0,0.0,0.0,0.0,0.0,0.0,0.0,0.0,0.0,0.0,0.0,0.0,0.0,0.0,0.0,0.44593086605948096,0.0,0.0,0.16572034708667033,0.5778135620507268,0.0,0.4821432073242571
0.2585979851136314,0.0,0.0,0.0,0.0,0.0,0.0,0.0,0.0,0.0,0.1870307104831594,0.0,0.0,0.0,0.0,0.0,0.0,0.0,0.0,0.0,0.3545095806741426,0.0,0.14112138475513644,0.0,0.0,0.0,0.0,0.0,0.0,0.3127365384186582,0.0,0.0,0.0,0.0,0.0,0.0,0.0,0.0,0.0,0.2585979851136314,0.6254730768373165,0.0,0.0,0.25234621562282605,0.0,0.0,0.18755778360246733,0.0,0.3127365384186582,0.0
0.29507041197142286,0.0,0.0,0.0,0.0,0.0,0.0,0.0,0.0,0.0,0.42681870679946515,0.0,0.0,0.0,0.0,0.0,0.0,0.0,0.0,0.0,0.0,0.0,0.0,0.0,0.0,0.0,0.0,0.0,0.0,0.0,0.0,0.0,0.0,0.0,0.0,0.0,0.0,0.0,0.0,0.0,0.0,0.0,0.0,0.575873797087306,0.0,0.0,0.10700538221848221,0.0,0.0,0.6226383071330995
0.0,0.0,0.0,0.0,0.5126156174189755,0.0,0.0,0.0,0.0,0.0,0.613135028068178,0.0,0.0,0.0,0.0,0.0,0.0,0.0,0.0,0.0,0.5810870341441872,0.0,0.0,0.0,0.0,0.0,0.0,0.0,0.0,0.0,0.0,0.0,0.0,0.0,0.0,0.0,0.0,0.0,0.0,0.0,0.0,0.0,0.0,0.0,0.0,0.0,0.15371572750863652,0.0,0.0,0.0
0.0,0.0,0.0,0.0,0.0,0.0,0.0,0.0,0.0,0.0,0.4096470783263029,0.0,0.0,0.0,0.0,0.0,0.0,0.0,0.0,0.0,0.0,0.0,0.0,0.0,0.0,0.0,0.0,0.0,0.0,0.6849763277813156,0.0,0.0,0.0,0.0,0.0,0.0,0.0,0.0,0.0,0.5663984742891002,0.0,0.0,0.0,0.0,0.0,0.0,0.20540075443125116,0.0,0.0,0.0
0.31102689618619606,0.0,0.0,0.0,0.0,0.0,0.0,0.0,0.0,0.3616606284322369,0.22494986319214644,0.0,0.0,0.0,0.0,0.0,0.0,0.0,0.0,0.31920080966961073,0.0,0.3616606284322369,0.0,0.0,0.0,0.0,0.0,0.0,0.0,0.0,0.0,0.0,0.0,0.0,0.0,0.3616606284322369,0.32815431886303603,0.0,0.0,0.0,0.0,0.0,0.0,0.3035076246824281,0.0,0.0,0.2255837966556631,0.0,0.0,0.32815431886303603
0.7632276648640799,0.0,0.0,0.0,0.0,0.0,0.0,0.0,0.0,0.0,0.27600178778888507,0.0,0.0,0.0,0.4283479066828775,0.0,0.0,0.0,0.0,0.0,0.0,0.0,0.0,0.0,0.0,0.0,0.0,0.0,0.0,0.0,0.0,0.0,0.0,0.0,0.0,0.0,0.0,0.0,0.0,0.0,0.0,0.0,0.0,0.3723880771972511,0.0,0.0,0.13838979559633055,0.0,0.0,0.0
0.5323538585845768,0.0,0.0,0.0,0.0,0.0,0.0,0.0,0.5463443347652198,0.0,0.38502434717646355,0.0,0.0,0.0,0.0,0.0,0.0,0.0,0.0,0.0,0.0,0.0,0.0,0.0,0.0,0.0,0.0,0.0,0.0,0.0,0.0,0.0,0.0,0.0,0.0,0.0,0.0,0.0,0.0,0.0,0.0,0.0,0.0,0.5194838680858144,0.0,0.0,0.0,0.0,0.0,0.0
0.3029539919992639,0.0,0.0,0.0,0.0,0.0,0.0,0.0,0.0,0.0,0.2191111440502284,0.0,0.0,0.0,0.0,0.0,0.0,0.36637865804070957,0.0,0.0,0.20765840967404206,0.0,0.0,0.0,0.0,0.0,0.3029539919992639,0.0,0.0,0.0,0.0,0.0,0.0,0.0,0.0,0.0,0.31963686134668234,0.0,0.18832310964939725,0.3029539919992639,0.0,0.0,0.0,0.5912597760980182,0.0,0.0,0.1098643116804129,0.0,0.0,0.0
0.0,0.0,0.0,0.0,0.0,0.0,0.0,0.0,0.0,0.0,0.5105607078587182,0.0,0.0,0.0,0.0,0.0,0.0,0.0,0.0,0.0,0.0,0.8208482718625557,0.0,0.0,0.0,0.0,0.0,0.0,0.0,0.0,0.0,0.0,0.0,0.0,0.0,0.0,0.0,0.0,0.0,0.0,0.0,0.0,0.0,0.0,0.0,0.0,0.25599976205274155,0.0,0.0,0.0
0.0,0.3458733934723272,0.0,0.0,0.3597222960994887,0.0,0.0,0.0,0.0,0.0,0.43026067217035396,0.0,0.0,0.0,0.0,0.0,0.0,0.0,0.0,0.0,0.2038856748146465,0.0,0.0,0.0,0.0,0.0,0.0,0.0,0.0,0.0,0.0,0.0,0.0,0.0,0.0,0.0,0.0,0.0,0.18490165822963872,0.0,0.0,0.0,0.0,0.5805177773908873,0.0,0.0,0.10786829852047969,0.3761020713278655,0.0,0.0
0.0,0.49708668270199396,0.0,0.0,0.0,0.0,0.0,0.0,0.0,0.0,0.30918372772059344,0.0,0.0,0.0,0.0,0.0,0.0,0.0,0.0,0.0,0.0,0.0,0.0,0.49708668270199396,0.0,0.0,0.0,0.0,0.0,0.0,0.0,0.0,0.0,0.0,0.0,0.0,0.45103372873368325,0.0,0.0,0.42749283693528145,0.0,0.0,0.0,0.0,0.0,0.0,0.15502752074089124,0.0,0.0,0.0
0.0,0.0,0.0,0.0,0.0,0.0,0.0,0.0,0.0,0.0,0.4962106668993464,0.0,0.0,0.0,0.0,0.0,0.0,0.0,0.0,0.0,0.4702741998736174,0.0,0.0,0.0,0.0,0.0,0.6860856076554144,0.0,0.0,0.0,0.0,0.0,0.0,0.0,0.0,0.0,0.0,0.0,0.0,0.0,0.0,0.0,0.0,0.0,0.0,0.0,0.24880452157594632,0.0,0.0,0.0
0.48020382784284227,0.0,0.0,0.0,0.0,0.0,0.0,0.0,0.0,0.0,0.3473068943623616,0.0,0.0,0.0,0.539011657744921,0.0,0.0,0.0,0.0,0.0,0.3291534881292285,0.0,0.0,0.0,0.0,0.0,0.0,0.0,0.0,0.0,0.0,0.0,0.0,0.0,0.0,0.0,0.0,0.0,0.0,0.0,0.0,0.0,0.0,0.4685945972490437,0.0,0.0,0.17414282170073384,0.0,0.0,0.0
0.0,0.0,0.0,0.0,0.0,0.0,0.0,0.0,0.0,0.0,0.32474620989266006,0.0,0.0,0.0,0.0,0.0,0.0,0.0,0.0,0.0,0.30777202951632415,0.0,0.0,0.0,0.0,0.0,0.0,0.0,0.0,0.0,0.0,0.0,0.0,0.0,0.0,0.0,0.0,0.0,0.0,0.0,0.0,0.0,0.0,0.0,0.5039980368428657,0.5430124565321276,0.16283069022039914,0.0,0.0,0.4737361018959665
0.0,0.3731548499252443,0.0,0.0,0.0,0.0,0.0,0.0,0.0,0.0,0.23209917209967296,0.0,0.0,0.0,0.36021213959588544,0.0,0.0,0.0,0.0,0.3293455821957062,0.0,0.3731548499252443,0.0,0.0,0.0,0.0,0.0,0.0,0.0,0.0,0.0,0.0,0.0,0.0,0.0,0.0,0.33858364992196116,0.0,0.0,0.0,0.3880961124768005,0.0,0.0,0.0,0.0,0.0,0.11637662655112992,0.0,0.3880961124768005,0.0
0.0,0.0,0.0,0.0,0.0,0.0,0.0,0.0,0.0,0.0,0.7088583379725558,0.0,0.0,0.0,0.0,0.0,0.0,0.0,0.0,0.0,0.0,0.0,0.0,0.0,0.0,0.0,0.0,0.0,0.0,0.0,0.0,0.0,0.0,0.0,0.0,0.0,0.0,0.0,0.6092542991665145,0.0,0.0,0.0,0.0,0.0,0.0,0.0,0.35542798937886866,0.0,0.0,0.0
0.30693612952854454,0.0,0.0,0.0,0.0,0.0,0.0,0.0,0.6300050719968328,0.0,0.22199122067192267,0.0,0.0,0.0,0.0,0.0,0.0,0.0,0.0,0.0,0.21038794738693592,0.3569039039871259,0.0,0.0,0.0,0.0,0.0,0.0,0.0,0.0,0.0,0.0,0.0,0.0,0.0,0.0,0.0,0.0,0.0,0.0,0.371194472463498,0.0,0.0,0.0,0.0,0.0,0.11130840817765339,0.0,0.371194472463498,0.0
0.0,0.0,0.0,0.0,0.0,0.0,0.0,0.0,0.0,0.0,0.6820570015293637,0.0,0.0,0.0,0.0,0.0,0.0,0.0,0.0,0.0,0.6464065205746238,0.0,0.0,0.0,0.0,0.0,0.0,0.0,0.0,0.0,0.0,0.0,0.0,0.0,0.0,0.0,0.0,0.0,0.0,0.0,0.0,0.0,0.0,0.0,0.0,0.0,0.3419895565998792,0.0,0.0,0.0
0.0,0.0,0.0,0.0,0.0,0.0,0.0,0.0,0.0,0.0,0.4818062234345405,0.0,0.0,0.0,0.0,0.0,0.0,0.0,0.0,0.0,0.0,0.0,0.0,0.0,0.0,0.0,0.0,0.0,0.0,0.0,0.0,0.0,0.0,0.0,0.0,0.0,0.0,0.0,0.0,0.0,0.0,0.0,0.0,0.0,0.0,0.0,0.24158200319031117,0.8423187631735994,0.0,0.0
0.0,0.0,0.0,0.0,0.0,0.0,0.0,0.0,0.0,0.0,0.31209891679694063,0.0,0.31209891679694063,0.0,0.0,0.0,0.0,0.0,0.0,0.44286413658983714,0.5915715971816295,0.0,0.0,0.0,0.4843697526706629,0.0,0.0,0.0,0.0,0.0,0.0,0.0,0.0,0.0,0.0,0.0,0.0,0.0,0.0,0.0,0.0,0.0,0.0,0.0,0.0,0.0,0.15648922294083834,0.0,0.0,0.0
0.0,0.0,0.0,0.0,0.0,0.0,0.0,0.0,0.0,0.0,0.0,0.0,0.0,0.0,0.0,0.0,0.0,0.0,0.0,0.571828081111034,0.0,0.647892163506331,0.304065490644093,0.0,0.0,0.0,0.0,0.0,0.0,0.0,0.0,0.0,0.0,0.0,0.0,0.0,0.0,0.0,0.34635892105963206,0.0,0.0,0.0,0.0,0.0,0.0,0.0,0.20205955884771432,0.0,0.0,0.0
0.0,0.0,0.0,0.0,0.0,0.0,0.0,0.0,0.0,0.0,0.0,0.7476274465959258,0.0,0.0,0.0,0.0,0.0,0.0,0.0,0.0,0.4237450058336212,0.0,0.33736454677810446,0.0,0.0,0.0,0.0,0.0,0.0,0.0,0.0,0.0,0.0,0.0,0.0,0.0,0.0,0.0,0.38428964818834827,0.0,0.0,0.0,0.0,0.0,0.0,0.0,0.0,0.0,0.0,0.0
0.0,0.0,0.0,0.0,0.0,0.0,0.0,0.0,0.0,0.0,0.0,0.0,0.0,0.0,0.0,0.0,0.0,0.0,0.0,0.0,0.46434976769014585,0.0,0.7393840482679956,0.0,0.0,0.0,0.0,0.0,0.0,0.0,0.0,0.0,0.0,0.0,0.0,0.0,0.0,0.0,0.42111365657499167,0.0,0.0,0.0,0.0,0.0,0.0,0.0,0.24567012569496047,0.0,0.0,0.0
0.0,0.0,0.0,0.0,0.0,0.4360359215548242,0.0,0.0,0.0,0.0,0.0,0.0,0.0,0.0,0.0,0.0,0.0,0.0,0.0,0.0,0.24713919341002993,0.0,0.1967598457281116,0.0,0.0,0.0,0.0,0.0,0.0,0.0,0.4192490304306575,0.0,0.0,0.4047075639112873,0.0,0.0,0.0,0.3362525617195563,0.22412779473885455,0.0,0.0,0.0,0.0,0.0,0.0,0.4360359215548242,0.13075212034930378,0.0,0.0,0.0
0.0,0.0,0.0,0.0,0.0,0.0,0.0,0.0,0.0,0.0,0.0,0.0,0.0,0.0,0.0,0.0,0.0,0.0,0.0,0.0,0.2337586482852374,0.0,0.18610692597796819,0.0,0.0,0.0,0.0,0.0,0.0,0.0,0.0,0.0,0.0,0.0,0.0,0.0,0.0,0.0,0.21199312670079914,0.0,0.4124281795213097,0.0,0.0,0.0,0.0,0.0,0.12367297348329657,0.0,0.8248563590426194,0.0
0.0,0.0,0.0,0.0,0.0,0.0,0.0,0.0,0.0,0.0,0.0,0.0,0.0,0.0,0.0,0.0,0.0,0.0,0.0,0.0,0.0,0.0,0.0,0.0,0.0,0.0,0.0,0.0,0.0,0.0,0.0,0.0,0.0,0.0,0.0,0.0,0.0,0.0,0.0,0.0,0.0,0.0,0.0,0.0,0.0,0.0,0.0,0.0,0.0,0.0
0.0,0.0,0.0,0.0,0.0,0.0,0.0,0.0,0.0,0.0,0.0,0.0,0.0,0.4374192114159736,0.0,0.0,0.0,0.0,0.0,0.0,0.2578501636136164,0.0,0.0,0.0,0.0,0.0,0.0,0.0,0.0,0.0,0.0,0.0,0.0,0.0,0.0,0.0,0.39689419332718423,0.0,0.0,0.7523580338212835,0.0,0.0,0.0,0.0,0.0,0.0,0.13641889479245575,0.0,0.0,0.0
0.0,0.0,0.0,0.0,0.0,0.0,0.0,0.0,0.0,0.0,0.0,0.0,0.0,0.6416096938023884,0.0,0.0,0.0,0.0,0.0,0.0,0.3782165030828975,0.0,0.0,0.0,0.0,0.0,0.0,0.0,0.0,0.0,0.0,0.0,0.0,0.0,0.0,0.0,0.0,0.0,0.0,0.0,0.0,0.0,0.0,0.0,0.0,0.6672999907197287,0.0,0.0,0.0,0.0
0.0,0.0,0.0,0.0,0.0,0.0,0.0,0.0,0.0,0.0,0.0,0.0,0.0,0.0,0.0,0.0,0.0,0.0,0.0,0.0,0.0,0.0,0.0,0.0,0.0,0.0,0.0,0.0,0.0,0.0,0.0,0.0,0.0,0.0,0.0,0.0,0.86157892971455,0.0,0.5076236281655242,0.0,0.0,0.0,0.0,0.0,0.0,0.0,0.0,0.0,0.0,0.0
0.0,0.0,0.0,0.0,0.0,0.0,0.0,0.0,0.0,0.0,0.0,0.0,0.0,0.0,0.0,0.0,0.0,0.0,0.0,0.3490235667832369,0.0,0.0,0.18559078433871004,0.0,0.0,0.0,0.0,0.0,0.0,0.0,0.0,0.0,0.0,0.0,0.3954503831965177,0.3954503831965177,0.35881359744497093,0.0,0.6342155798673685,0.0,0.0,0.0,0.0,0.0,0.0,0.0,0.0,0.0,0.0,0.0
0.0,0.0,0.0,0.0,0.0,0.0,0.0,0.0,0.0,0.0,0.0,0.0,0.0,0.0,0.0,0.0,0.0,0.0,0.0,0.0,0.638056450401687,0.0,0.5079885833347845,0.0,0.0,0.0,0.0,0.0,0.0,0.0,0.0,0.0,0.0,0.0,0.0,0.0,0.0,0.0,0.57864632142814,0.0,0.0,0.0,0.0,0.0,0.0,0.0,0.0,0.0,0.0,0.0
0.0,0.0,0.0,0.0,0.0,0.0,0.0,0.0,0.0,0.0,0.0,0.0,0.0,0.0,0.0,0.0,0.0,0.0,0.0,0.0,0.42962228461119695,0.0,0.3420437417273989,0.0,0.0,0.7035362777061764,0.0,0.0,0.0,0.0,0.0,0.0,0.0,0.0,0.0,0.0,0.0,0.0,0.3896196871567043,0.0,0.0,0.0,0.0,0.0,0.0,0.0,0.2272971109403414,0.0,0.0,0.0
0.0,0.0,0.6365641511803336,0.0,0.0,0.0,0.0,0.0,0.0,0.0,0.0,0.6365641511803336,0.0,0.0,0.0,0.0,0.0,0.0,0.0,0.0,0.0,0.0,0.28724758211587076,0.0,0.0,0.0,0.0,0.0,0.0,0.0,0.0,0.0,0.0,0.0,0.0,0.0,0.0,0.0,0.3272017564633615,0.0,0.0,0.0,0.0,0.0,0.0,0.0,0.0,0.0,0.0,0.0
0.0,0.0,0.0,0.0,0.0,0.0,0.0,0.0,0.0,0.0,0.0,0.0,0.0,0.0,0.0,0.0,0.0,0.0,0.0,0.0,0.2549221153636494,0.0,0.20295621831385277,0.0,0.0,0.0,0.3719072712708366,0.0,0.0,0.0,0.43245204545207017,0.0,0.0,0.4174526382173896,0.0,0.0,0.0,0.3468418470872802,0.23118604037776158,0.0,0.0,0.0,0.0,0.0,0.0,0.4497675903347143,0.1348697737813943,0.0,0.0,0.0
0.0,0.0,0.0,0.0,0.0,0.0,0.0,0.0,0.0,0.0,0.0,0.0,0.0,0.0,0.0,0.0,0.0,0.0,0.0,0.0,0.0,0.0,0.0,0.0,0.0,0.8748077849766501,0.0,0.0,0.0,0.0,0.0,0.0,0.0,0.0,0.0,0.0,0.0,0.0,0.4844701635232528,0.0,0.0,0.0,0.0,0.0,0.0,0.0,0.0,0.0,0.0,0.0
0.0,0.0,0.0,0.0,0.0,0.0,0.0,0.0,0.0,0.0,0.0,0.0,0.0,0.0,0.0,0.0,0.0,0.0,0.44582567705889337,0.0,0.25268789286196913,0.0,0.20117744227801967,0.0,0.0,0.41379394396734154,0.0,0.0,0.0,0.0,0.0,0.0,0.0,0.0,0.0,0.4286618913908253,0.0,0.3438020093777064,0.22915984875939402,0.0,0.0,0.0,0.0,0.0,0.41379394396734154,0.0,0.0,0.0,0.0,0.0
0.0,0.0,0.0,0.0,0.0,0.0,0.0,0.0,0.0,0.0,0.0,0.0,0.0,0.0,0.0,0.0,0.0,0.0,0.0,0.0,0.2805353637965965,0.0,0.22334820365913605,0.0,0.0,0.0,0.40927457978971804,0.0,0.0,0.0,0.47590257801845515,0.0,0.0,0.0,0.0,0.0,0.0,0.3816907121365757,0.254414411435243,0.0,0.0,0.0,0.0,0.0,0.0,0.49495789880166535,0.14842078726263114,0.0,0.0,0.0
0.0,0.0,0.0,0.0,0.0,0.0,0.0,0.0,0.0,0.0,0.0,0.0,0.0,0.0,0.0,0.48696505547767555,0.0,0.0,0.0,0.0,0.2973706492325499,0.0,0.23675161458502317,0.0,0.0,0.0,0.0,0.0,0.0,0.0,0.0,0.0,0.0,0.48696505547767555,0.0,0.0,0.0,0.0,0.2696821451625243,0.0,0.0,0.0,0.0,0.0,0.0,0.0,0.3146554164907053,0.0,0.0,0.4577258447010013
0.0,0.0,0.0,0.0,0.0,0.0,0.0,0.0,0.0,0.0,0.0,0.0,0.0,0.0,0.0,0.0,0.0,0.0,0.0,0.0,0.0,0.0,0.31288397662137885,0.0,0.0,0.0,0.0,0.0,0.0,0.0,0.0,0.0,0.0,0.0,0.0,0.0,0.6049170255647698,0.0,0.3564039981316873,0.0,0.0,0.0,0.0,0.0,0.0,0.0,0.20791967596426272,0.0,0.0,0.6049170255647698
0.0,0.0,0.0,0.0,0.0,0.0,0.0,0.0,0.0,0.0,0.0,0.0,0.0,0.0,0.0,0.0,0.0,0.0,0.0,0.0,0.0,0.0,0.0,0.0,0.0,0.0,0.0,0.0,0.0,0.0,0.0,1.0,0.0,0.0,0.0,0.0,0.0,0.0,0.0,0.0,0.0,0.0,0.0,0.0,0.0,0.0,0.0,0.0,0.0,0.0
0.3406806579900393,0.0,0.0,0.0,0.0,0.0,0.0,0.0,0.34963388440881277,0.0,0.0,0.0,0.0,0.0,0.0,0.0,0.0,0.0,0.0,0.0,0.23351797802053614,0.0,0.18591531636922676,0.0,0.0,0.0,0.3406806579900393,0.0,0.0,0.0,0.0,0.0,0.0,0.0,0.0,0.0,0.0,0.0,0.21177486550579225,0.0,0.4120035569464284,0.0,0.3961418847507822,0.0,0.0,0.0,0.12354564383161114,0.0,0.4120035569464284,0.0
0.0,0.0,0.0,0.0,0.0,0.0,0.0,0.0,0.0,0.0,0.0,0.0,0.0,0.0,0.0,0.0,0.0,0.0,0.0,0.0,0.0,0.0,0.18557583842910355,0.0,0.0,0.0,0.0,0.0,0.0,0.0,0.0,0.0,0.8225024920944264,0.0,0.0,0.0,0.0,0.0,0.2113881685056968,0.34005858138939715,0.0,0.0,0.0,0.0,0.0,0.0,0.0,0.0,0.0,0.3587847016373903
0.0,0.0,0.0,0.0,0.0,0.0,0.0,0.0,0.0,0.0,0.0,0.0,0.0,0.0,0.0,0.0,0.0,0.0,0.0,0.0,0.4067839984975628,0.0,0.3238610423732026,0.0,0.0,0.0,0.0,0.0,0.0,0.0,0.0,0.0,0.0,0.0,0.0,0.0,0.0,0.0,0.7378157973272089,0.0,0.0,0.0,0.0,0.0,0.0,0.0,0.43042845283936865,0.0,0.0,0.0
0.0,0.0,0.0,0.0,0.0,0.0,0.0,0.0,0.0,0.0,0.0,0.0,0.0,0.0,0.0,0.0,0.0,0.0,0.0,0.0,0.23635286248210305,0.0,0.0,0.0,0.0,0.0,0.0,0.0,0.0,0.0,0.0,0.0,0.0,0.0,0.0,0.0,0.0,0.0,0.4286915815933842,0.0,0.0,0.0,0.0,0.0,0.0,0.0,0.0,0.8719867271165764,0.0,0.0
0.0,0.0,0.0,0.0,0.0,0.0,0.0,0.0,0.0,0.0,0.0,0.6651227113713957,0.0,0.0,0.0,0.0,0.0,0.0,0.0,0.0,0.0,0.0,0.30013454307398035,0.0,0.0,0.0,0.0,0.0,0.0,0.0,0.0,0.0,0.0,0.0,0.0,0.0,0.0,0.0,0.6837624111281171,0.0,0.0,0.0,0.0,0.0,0.0,0.0,0.0,0.0,0.0,0.0
0.0,0.0,0.0,0.0,0.0,0.0,0.0,0.0,0.0,0.0,0.0,0.0,0.0,0.0,0.0,0.0,0.0,0.0,0.0,0.0,0.5653774729162415,0.0,0.0,0.0,0.0,0.0,0.824832293935467,0.0,0.0,0.0,0.0,0.0,0.0,0.0,0.0,0.0,0.0,0.0,0.0,0.0,0.0,0.0,0.0,0.0,0.0,0.0,0.0,0.0,0.0,0.0
0.0,0.0,0.0,0.0,0.0,0.0,0.0,0.0,0.0,0.0,0.0,0.0,0.6250668061891316,0.0,0.0,0.0,0.0,0.0,0.0,0.0,0.0,0.0,0.47163534280549796,0.0,0.0,0.0,0.0,0.0,0.0,0.0,0.0,0.0,0.0,0.0,0.0,0.0,0.0,0.0,0.5372365937406169,0.0,0.0,0.0,0.0,0.0,0.0,0.0,0.31341415660949085,0.0,0.0,0.0
0.0,0.0,0.0,0.0,0.682191686885134,0.0,0.0,0.0,0.0,0.0,0.0,0.0,0.0,0.0,0.0,0.0,0.0,0.0,0.0,0.0,0.386656912684249,0.0,0.3078368648846337,0.0,0.0,0.0,0.0,0.0,0.0,0.0,0.0,0.0,0.0,0.0,0.0,0.0,0.0,0.0,0.35065486766672244,0.0,0.0,0.0,0.0,0.0,0.0,0.0,0.4091314735117962,0.0,0.0,0.0
0.0,0.0,0.0,0.0,0.5233848520590503,0.5233848520590503,0.0,0.0,0.0,0.0,0.0,0.0,0.0,0.0,0.0,0.0,0.0,0.0,0.0,0.0,0.29664737189465273,0.0,0.2361757774000762,0.0,0.0,0.0,0.0,0.0,0.0,0.0,0.0,0.0,0.0,0.4857806386904645,0.0,0.0,0.0,0.0,0.2690262129629782,0.0,0.0,0.0,0.0,0.0,0.0,0.0,0.0,0.0,0.0,0.0
0.0,0.0,0.0,0.0,0.0,0.0,0.0,0.0,0.0,0.0,0.0,0.0,0.0,0.0,0.0,0.0,0.0,0.0,0.0,0.0,0.0,0.0,0.42034488101958833,0.0,0.0,0.0,0.0,0.0,0.0,0.0,0.0,0.0,0.0,0.0,0.0,0.0,0.0,0.7183480070616094,0.47881197946693843,0.0,0.0,0.0,0.0,0.0,0.0,0.0,0.2793302884940948,0.0,0.0,0.0
0.0,0.0,0.0,0.0,0.0,0.0,0.0,0.0,0.0,0.0,0.0,0.0,0.2735727610188287,0.0,0.0,0.0,0.0,0.0,0.0,0.0,0.0,0.0,0.2064204684168131,0.0,0.4245781175790976,0.0,0.0,0.0,0.4111218734241401,0.45744465208758844,0.0,0.0,0.0,0.0,0.0,0.0,0.0,0.0,0.2351321439799836,0.0,0.0,0.0,0.43983354898731064,0.0,0.0,0.0,0.2743437191579246,0.0,0.0,0.0
0.0,0.0,0.0,0.0,0.0,0.0,0.0,0.0,0.0,0.0,0.0,0.0,0.5736882519764355,0.0,0.0,0.0,0.0,0.0,0.0,0.0,0.0,0.0,0.21643418967805816,0.0,0.0,0.0,0.0,0.0,0.43106592197923427,0.0,0.0,0.0,0.0,0.0,0.0,0.0,0.0,0.0,0.0,0.39660498979344255,0.0,0.0,0.0,0.0,0.4451749457699734,0.0,0.28765248429391627,0.0,0.0,0.0
0.0,0.0,0.0,0.0,0.0,0.0,0.0,0.5132781320553719,0.0,0.0,0.0,0.0,0.3192546727740093,0.0,0.0,0.4954753078848756,0.0,0.0,0.0,0.0,0.0,0.0,0.24088911064406648,0.0,0.0,0.0,0.0,0.0,0.47977210407006865,0.0,0.0,0.0,0.0,0.0,0.0,0.0,0.0,0.0,0.2743951386293696,0.0,0.0,0.0,0.0,0.0,0.0,0.0,0.16007718378318345,0.0,0.0,0.0
0.0,0.0,0.0,0.0,0.0,0.0,0.0,0.0,0.0,0.6755484531627495,0.0,0.0,0.0,0.0,0.0,0.0,0.0,0.0,0.0,0.0,0.0,0.0,0.31704500136739544,0.0,0.0,0.0,0.0,0.0,0.6314496615651805,0.0,0.0,0.0,0.0,0.0,0.0,0.0,0.0,0.0,0.0,0.0,0.0,0.0,0.0,0.0,0.0,0.0,0.2106847869367494,0.0,0.0,0.0
0.0,0.0,0.0,0.0,0.0,0.0,0.0,0.5195668029150076,0.0,0.0,0.0,0.0,0.3231661730544457,0.0,0.0,0.0,0.0,0.0,0.0,0.0,0.0,0.0,0.24384047801373165,0.0,0.0,0.0,0.0,0.0,0.0,0.0,0.0,0.0,0.0,0.0,0.5195668029150076,0.0,0.0,0.0,0.0,0.0,0.0,0.0,0.5195668029150076,0.0,0.0,0.0,0.1620384454424689,0.0,0.0,0.0
0.0,0.0,0.0,0.0,0.0,0.0,0.0,0.5244141874301455,0.0,0.0,0.0,0.0,0.32618120537423917,0.0,0.0,0.5062251141221765,0.0,0.0,0.0,0.0,0.0,0.0,0.24611542812728027,0.0,0.0,0.0,0.0,0.0,0.0,0.0,0.0,0.0,0.0,0.0,0.5244141874301455,0.0,0.0,0.0,0.0,0.0,0.0,0.0,0.0,0.0,0.0,0.0,0.16355020994876152,0.0,0.0,0.0
0.0,0.0,0.0,0.0,0.0,0.0,0.0,0.0,0.0,0.0,0.0,0.0,0.2616887811911011,0.0,0.0,0.0,0.0,0.0,0.0,0.0,0.0,0.0,0.19745357904683428,0.0,0.40613447660470503,0.0,0.0,0.0,0.0,0.0,0.0,0.0,0.0,0.0,0.0,0.0,0.0,0.0,0.22491802161815916,0.0,0.0,0.0,0.0,0.0,0.8122689532094101,0.0,0.13121312448378197,0.0,0.0,0.0
0.0,0.0,0.0,0.0,0.0,0.0,0.0,0.0,0.0,0.0,0.0,0.0,0.27730118004731386,0.0,0.0,0.0,0.0,0.0,0.0,0.0,0.0,0.0,0.20923369440995607,0.0,0.0,0.0,0.0,0.0,0.0,0.9273579822626473,0.0,0.0,0.0,0.0,0.0,0.0,0.0,0.0,0.0,0.0,0.0,0.0,0.0,0.0,0.0,0.0,0.1390413226407168,0.0,0.0,0.0
0.0,0.0,0.0,0.0,0.0,0.0,0.0,0.0,0.0,0.0,0.0,0.0,0.5357906374120616,0.0,0.0,0.0,0.0,0.0,0.0,0.0,0.0,0.0,0.4042732687861737,0.0,0.0,0.0,0.0,0.0,0.0,0.0,0.0,0.0,0.0,0.0,0.0,0.0,0.0,0.6908824397633071,0.0,0.0,0.0,0.0,0.0,0.0,0.0,0.0,0.26865027718805556,0.0,0.0,0.0
0.0,0.0,0.0,0.0,0.0,0.0,0.0,0.0,0.4728928721748427,0.0,0.0,0.0,0.33326101838644434,0.0,0.0,0.0,0.0,0.0,0.0,0.0,0.0,0.0,0.2514574011835169,0.0,0.0,0.0,0.0,0.0,0.0,0.0,0.5357966776741593,0.0,0.0,0.0,0.5357966776741593,0.0,0.0,0.0,0.0,0.0,0.0,0.0,0.0,0.0,0.0,0.0,0.1671000923008597,0.0,0.0,0.0
0.0,0.0,0.0,0.4397924607342241,0.0,0.0,0.0,0.0,0.0,0.3604607448375853,0.0,0.0,0.0,0.0,0.0,0.3479583239083855,0.0,0.0,0.0,0.0,0.0,0.0,0.16916962329627647,0.0,0.0,0.0,0.6199900008458055,0.0,0.0,0.0,0.0,0.0,0.0,0.0,0.0,0.0,0.0,0.0,0.0,0.0,0.0,0.0,0.3604607448375853,0.0,0.0,0.0,0.11241768798317821,0.0,0.0,0.0
0.0,0.0,0.0,0.0,0.4231198574121882,0.0,0.0,0.0,0.0,0.0,0.0,0.0,0.5060899372454862,0.0,0.0,0.0,0.0,0.0,0.4231198574121882,0.0,0.0,0.0,0.19093151218380766,0.0,0.0,0.0,0.0,0.0,0.0,0.0,0.0,0.0,0.0,0.0,0.0,0.0,0.0,0.0,0.0,0.0,0.0,0.4231198574121882,0.0,0.0,0.39271949458927186,0.0,0.12687903859219693,0.0,0.0,0.0
0.0,0.0,0.0,0.0,0.0,0.0,0.0,0.3948251179574305,0.0,0.0,0.0,0.0,0.24557789620162704,0.0,0.0,0.0,0.0,0.0,0.0,0.0,0.0,0.0,0.18529733800239873,0.0,0.0,0.38113078400062506,0.0,0.0,0.369051525385684,0.0,0.0,0.0,0.4106340663083174,0.0,0.0,0.0,0.0,0.0,0.0,0.0,0.0,0.0,0.3948251179574305,0.0,0.0,0.0,0.12313498086583295,0.0,0.0,0.35824626035458645
0.0,0.0,0.0,0.0,0.0,0.0,0.0,0.0,0.0,0.0,0.0,0.0,0.44827268486613336,0.0,0.0,0.0,0.0,0.0,0.0,0.0,0.0,0.0,0.33823783202656316,0.0,0.0,0.0,0.0,0.0,0.0,0.0,0.0,0.0,0.0,0.0,0.0,0.0,0.0,0.5780312393950585,0.38528440144296044,0.0,0.0,0.0,0.0,0.0,0.0,0.0,0.449535966611161,0.0,0.0,0.0
0.0,0.0,0.0,0.9644903197107455,0.0,0.0,0.0,0.0,0.0,0.0,0.0,0.0,0.12292283792155885,0.0,0.0,0.0,0.0,0.2055409121040981,0.0,0.0,0.0,0.0,0.09274969367709023,0.0,0.0,0.0,0.0,0.0,0.0,0.0,0.0,0.0,0.0,0.0,0.0,0.0,0.0,0.0,0.0,0.0,0.0,0.0,0.0,0.0,0.0,0.0,0.06163462400141186,0.0,0.0,0.0
0.0,0.0,0.0,0.0,0.0,0.0,0.0,0.0,0.0,0.0,0.0,0.0,0.44864799204873046,0.0,0.0,0.0,0.0,0.0,0.0,0.0,0.0,0.0,0.338521014767942,0.0,0.0,0.0,0.0,0.0,0.0,0.0,0.0,0.0,0.0,0.0,0.0,0.0,0.0,0.0,0.3856069729671374,0.0,0.0,0.0,0.0,0.0,0.6962905196054283,0.0,0.22495616572534505,0.0,0.0,0.0
0.0,0.0,0.0,0.0,0.0,0.0,0.0,0.0,0.0,0.0,0.0,0.0,0.370952537633505,0.0,0.0,0.0,0.0,0.0,0.0,0.0,0.0,0.0,0.27989700543850377,0.0,0.0,0.0,0.0,0.0,0.0,0.0,0.0,0.0,0.0,0.0,0.0,0.0,0.0,0.0,0.3188287648366368,0.5128974731315606,0.0,0.6202746716698443,0.0,0.0,0.0,0.0,0.18599896134842445,0.0,0.0,0.0
0.0,0.0,0.0,0.0,0.0,0.0,0.0,0.0,0.0,0.0,0.0,0.0,0.37728260900292115,0.0,0.0,0.0,0.0,0.0,0.0,0.0,0.0,0.0,0.2846732715123648,0.0,0.0,0.0,0.0,0.0,0.0,0.0,0.0,0.0,0.0,0.5855332209582302,0.0,0.0,0.0,0.0,0.0,0.0,0.0,0.6308592681935927,0.0,0.0,0.0,0.0,0.18917291645191003,0.0,0.0,0.0
0.0,0.0,0.5510212252018973,0.0,0.0,0.0,0.0,0.0,0.0,0.0,0.0,0.0,0.0,0.0,0.0,0.0,0.0,0.5510212252018973,0.5510212252018973,0.0,0.0,0.0,0.24864660433718075,0.0,0.0,0.0,0.0,0.0,0.0,0.0,0.0,0.0,0.0,0.0,0.0,0.0,0.0,0.0,0.0,0.0,0.0,0.0,0.0,0.0,0.0,0.0,0.16523224347139157,0.0,0.0,0.0
0.0,0.0,0.5510212252018973,0.0,0.0,0.0,0.0,0.0,0.0,0.0,0.0,0.0,0.0,0.0,0.0,0.0,0.0,0.5510212252018973,0.5510212252018973,0.0,0.0,0.0,0.24864660433718075,0.0,0.0,0.0,0.0,0.0,0.0,0.0,0.0,0.0,0.0,0.0,0.0,0.0,0.0,0.0,0.0,0.0,0.0,0.0,0.0,0.0,0.0,0.0,0.16523224347139157,0.0,0.0,0.0
0.0,0.0,0.5335578059813468,0.0,0.0,0.0,0.0,0.0,0.0,0.0,0.0,0.0,0.31909189773961294,0.0,0.0,0.0,0.0,0.5335578059813468,0.0,0.0,0.0,0.0,0.2407662910376059,0.0,0.0,0.0,0.0,0.0,0.0,0.0,0.0,0.0,0.0,0.49522268508194917,0.0,0.0,0.0,0.0,0.0,0.0,0.0,0.0,0.0,0.0,0.0,0.0,0.1599955669070075,0.0,0.0,0.0
0.0,0.0,0.5721610818515547,0.0,0.0,0.0,0.0,0.0,0.0,0.0,0.0,0.0,0.0,0.0,0.0,0.0,0.0,0.0,0.5721610818515547,0.0,0.0,0.0,0.25818589852713886,0.0,0.0,0.0,0.0,0.0,0.0,0.0,0.0,0.0,0.0,0.0,0.0,0.0,0.0,0.0,0.0,0.0,0.0,0.0,0.0,0.0,0.0,0.0,0.17157135670538115,0.0,0.0,0.4991660086473496
0.0,0.0,0.0,0.0,0.0,0.0,0.0,0.0,0.0,0.0,0.0,0.0,0.32216056440078666,0.0,0.0,0.49998517938009024,0.0,0.0,0.0,0.0,0.0,0.0,0.2430817101869961,0.0,0.0,0.0,0.0,0.0,0.48413904325333773,0.0,0.0,0.0,0.0,0.49998517938009024,0.0,0.0,0.0,0.0,0.2768927137747643,0.0,0.0,0.0,0.0,0.0,0.0,0.0,0.1615342241577277,0.0,0.0,0.0
0.0,0.0,0.0,0.0,0.0,0.0,0.0,0.0,0.0,0.0,0.0,0.0,0.2940596900716976,0.0,0.0,0.0,0.0,0.0,0.0,0.0,0.0,0.0,0.44375718358104377,0.0,0.0,0.0,0.0,0.0,0.0,0.0,0.0,0.0,0.0,0.0,0.0,0.0,0.0,0.0,0.0,0.0,0.0,0.0,0.0,0.7935044438971486,0.0,0.0,0.2948883826308416,0.0,0.0,0.0
0.0,0.0,0.0,0.0,0.0,0.0,0.0,0.32881587909337917,0.0,0.0,0.0,0.0,0.20452070588413512,0.0,0.0,0.0,0.0,0.0,0.0,0.2902121120947428,0.0,0.0,0.3086364282198023,0.0,0.0,0.0,0.0,0.0,0.0,0.6839635846745511,0.0,0.0,0.0,0.0,0.32881587909337917,0.0,0.0,0.0,0.0,0.0,0.0,0.0,0.0,0.0,0.0,0.0,0.3076456016021051,0.0,0.0,0.0
0.0,0.0,0.0,0.0,0.0,0.0,0.0,0.3535213382313137,0.0,0.0,0.0,0.0,0.21988729327648887,0.0,0.0,0.0,0.0,0.0,0.0,0.0,0.0,0.0,0.1659128558998389,0.3535213382313137,0.0,0.0,0.0,0.0,0.0,0.0,0.0,0.0,0.3676764674843564,0.0,0.3535213382313137,0.0,0.0,0.2835366261448423,0.5669705987121044,0.0,0.0,0.0,0.0,0.0,0.0,0.0,0.110253479930499,0.0,0.0,0.0
0.0,0.0,0.0,0.0,0.0,0.0,0.0,0.0,0.0,0.0,0.0,0.0,0.0,0.0,0.0,0.6062724880280288,0.0,0.0,0.0,0.0,0.0,0.0,0.29475624339885564,0.6280563435138812,0.0,0.0,0.0,0.0,0.0,0.0,0.0,0.0,0.0,0.0,0.0,0.0,0.0,0.0,0.33575482118329375,0.0,0.0,0.0,0.0,0.0,0.0,0.0,0.19587331789155565,0.0,0.0,0.0
0.0,0.0,0.0,0.0,0.0,0.5490015155185015,0.0,0.0,0.0,0.0,0.0,0.0,0.32832794026229006,0.0,0.0,0.0,0.0,0.0,0.0,0.0,0.0,0.0,0.24773521665998322,0.0,0.0,0.0,0.0,0.0,0.4934073019383374,0.0,0.0,0.0,0.0,0.0,0.0,0.0,0.0,0.42336687611138507,0.28219349117542775,0.0,0.0,0.0,0.0,0.0,0.0,0.0,0.1646266022603364,0.0,0.0,0.0
0.0,0.0,0.0,0.0,0.0,0.0,0.0,0.0,0.0,0.0,0.0,0.0,0.37728260900292115,0.0,0.0,0.0,0.0,0.0,0.0,0.0,0.0,0.0,0.2846732715123648,0.0,0.5855332209582302,0.0,0.0,0.0,0.0,0.0,0.0,0.0,0.0,0.0,0.0,0.0,0.0,0.0,0.0,0.0,0.0,0.6308592681935927,0.0,0.0,0.0,0.0,0.18917291645191003,0.0,0.0,0.0
0.0,0.0,0.0,0.0,0.0,0.0,0.0,0.0,0.0,0.0,0.0,0.0,0.4548584901160533,0.0,0.0,0.0,0.0,0.0,0.0,0.0,0.0,0.0,0.34320705849314403,0.0,0.0,0.0,0.0,0.0,0.6835558989972581,0.0,0.0,0.0,0.0,0.0,0.0,0.0,0.0,0.0,0.0,0.0,0.0,0.0,0.0,0.0,0.0,0.0,0.4561403313848472,0.0,0.0,0.0
0.0,0.0,0.0,0.0,0.0,0.5019824210165288,0.32306589674064135,0.0,0.0,0.482656664051823,0.0,0.0,0.0,0.0,0.0,0.4659159319064178,0.32306589674064135,0.0,0.0,0.0,0.0,0.0,0.0,0.0,0.0,0.0,0.0,0.0,0.0,0.0,0.0,0.0,0.0,0.0,0.0,0.0,0.0,0.0,0.2580251017368527,0.0,0.0,0.0,0.0,0.0,0.0,0.0,0.1505271989792601,0.0,0.0,0.0
0.0,0.0,0.0,0.0,0.0,0.0,0.0,0.0,0.0,0.0,0.0,0.0,0.0,0.0,0.0,0.0,0.0,0.0,0.0,0.0,0.0,0.0,0.0,0.0,0.0,0.0,0.0,0.0,0.0,0.0,0.0,0.0,0.0,0.0,0.0,0.0,0.0,0.0,0.0,0.0,0.0,1.0,0.0,0.0,0.0,0.0,0.0,0.0,0.0,0.0
0.0,0.0,0.0,0.0,0.0,0.0,0.4427910856818863,0.0,0.0,0.0,0.0,0.0,0.0,0.0,0.0,0.0,0.4427910856818863,0.0,0.0,0.0,0.0,0.0,0.0,0.661524693393052,0.0,0.0,0.0,0.0,0.0,0.0,0.0,0.0,0.0,0.0,0.0,0.0,0.0,0.0,0.0,0.0,0.0,0.0,0.0,0.0,0.0,0.0,0.41262233205746557,0.0,0.0,0.0
0.0,0.0,0.0,0.0,0.0,0.0,0.6715957685358417,0.0,0.0,0.0,0.0,0.0,0.0,0.0,0.0,0.0,0.6715957685358417,0.0,0.0,0.0,0.0,0.0,0.0,0.0,0.0,0.0,0.0,0.0,0.0,0.0,0.0,0.0,0.0,0.0,0.0,0.0,0.0,0.0,0.0,0.0,0.0,0.0,0.0,0.0,0.0,0.0,0.31291891500755326,0.0,0.0,0.0
0.0,0.0,0.0,0.0,0.0,0.40657724317372484,0.26166502283937987,0.0,0.0,0.3909244779373566,0.24315173097960355,0.0,0.0,0.0,0.0,0.0,0.26166502283937987,0.0,0.0,0.0,0.0,0.0,0.0,0.0,0.0,0.0,0.0,0.3909244779373566,0.0,0.0,0.0,0.0,0.40657724317372484,0.0,0.0,0.0,0.0,0.0,0.0,0.0,0.0,0.0,0.3909244779373566,0.0,0.0,0.0,0.12191847965455971,0.0,0.0,0.0
0.0,0.0,0.0,0.0,0.0,0.0,1.0,0.0,0.0,0.0,0.0,0.0,0.0,0.0,0.0,0.0,0.0,0.0,0.0,0.0,0.0,0.0,0.0,0.0,0.0,0.0,0.0,0.0,0.0,0.0,0.0,0.0,0.0,0.0,0.0,0.0,0.0,0.0,0.0,0.0,0.0,0.0,0.0,0.0,0.0,0.0,0.0,0.0,0.0,0.0
0.0,0.0,0.0,0.0,0.0,0.0,0.8756199878379597,0.0,0.0,0.0,0.0,0.0,0.0,0.0,0.0,0.0,0.43780999391897985,0.0,0.0,0.0,0.0,0.0,0.0,0.0,0.0,0.0,0.0,0.0,0.0,0.0,0.0,0.0,0.0,0.0,0.0,0.0,0.0,0.0,0.0,0.0,0.0,0.0,0.0,0.0,0.0,0.0,0.20399030889557984,0.0,0.0,0.0
0.0,0.0,0.0,0.0,0.0,0.0,0.7829644010996111,0.0,0.0,0.3899132134947006,0.0,0.0,0.0,0.0,0.0,0.0,0.26098813369987034,0.0,0.0,0.0,0.0,0.0,0.0,0.0,0.0,0.0,0.0,0.0,0.0,0.0,0.3899132134947006,0.0,0.0,0.0,0.0,0.0,0.0,0.0,0.0,0.0,0.0,0.0,0.0,0.0,0.0,0.0,0.12160309438109754,0.0,0.0,0.0
0.0,0.0,0.0,0.0,0.0,0.0,0.0,0.0,0.0,0.0,0.0,0.0,0.0,0.0,0.0,0.0,0.0,0.0,0.0,0.0,0.0,0.0,0.0,0.0,0.0,0.0,0.0,0.0,0.0,0.0,0.0,0.0,0.0,0.0,0.0,0.0,0.0,0.0,0.0,0.0,0.0,0.0,0.0,0.0,0.0,0.0,0.0,0.0,0.0,0.0
0.0,0.0,0.0,0.0,0.0,0.0,0.3509991918145776,0.0,0.0,0.0,0.0,0.0,0.0,0.524388679570579,0.0,0.0,0.3509991918145776,0.0,0.0,0.0,0.0,0.0,0.0,0.0,0.0,0.0,0.0,0.524388679570579,0.0,0.0,0.0,0.0,0.0,0.0,0.0,0.0,0.0,0.4205782817463348,0.0,0.0,0.0,0.0,0.0,0.0,0.0,0.0,0.16354225475630596,0.0,0.0,0.0
0.0,0.0,0.0,0.0,0.0,0.0,0.0,0.0,0.0,0.0,0.0,0.5698185376544208,0.0,0.0,0.0,0.0,0.0,0.0,0.0,0.4835586134373338,0.0,0.0,0.0,0.0,0.0,0.0,0.0,0.0,0.0,0.0,0.0,0.0,0.5698185376544208,0.0,0.0,0.0,0.0,0.0,0.0,0.0,0.0,0.0,0.0,0.0,0.0,0.0,0.3417378171366433,0.0,0.0,0.0
0.0,0.0,0.0,0.0,0.0,0.0,0.28301402965546446,0.0,0.3731796111708517,0.0,0.0,0.4397495038052456,0.0,0.0,0.0,0.0,0.28301402965546446,0.0,0.0,0.0,0.0,0.0,0.0,0.42281964395341953,0.0,0.0,0.0,0.0,0.0,0.0,0.42281964395341953,0.0,0.0,0.0,0.0,0.0,0.0,0.0,0.0,0.3636234391215323,0.0,0.0,0.0,0.0,0.0,0.0,0.13186569546853416,0.0,0.0,0.0
0.0,0.0,0.0,0.0,0.0,0.0,0.0,0.0,0.0,0.0,0.0,0.0,0.0,0.0,0.0,0.0,0.0,0.0,0.0,0.0,0.0,0.0,0.0,0.0,0.6887819102950603,0.0,0.0,0.0,0.0,0.0,0.0,0.0,0.0,0.0,0.0,0.0,0.0,0.5722766324515047,0.0,0.0,0.0,0.0,0.0,0.0,0.0,0.0,0.4450605981214838,0.0,0.0,0.0
0.0,0.0,0.0,0.0,0.0,0.0,0.6715957685358417,0.0,0.0,0.0,0.0,0.0,0.0,0.0,0.0,0.0,0.6715957685358417,0.0,0.0,0.0,0.0,0.0,0.0,0.0,0.0,0.0,0.0,0.0,0.0,0.0,0.0,0.0,0.0,0.0,0.0,0.0,0.0,0.0,0.0,0.0,0.0,0.0,0.0,0.0,0.0,0.0,0.31291891500755326,0.0,0.0,0.0
0.0,0.0,0.0,0.0,0.0,0.0,0.0,0.0,0.0,0.0,0.0,0.0,0.0,0.0,0.0,0.0,0.0,0.0,0.0,0.0,0.0,0.0,0.0,0.0,0.0,0.0,0.0,0.0,0.0,0.0,0.0,0.0,0.0,0.0,0.0,0.0,0.0,0.0,0.0,0.0,0.0,0.0,0.0,0.0,0.0,0.0,1.0,0.0,0.0,0.0
0.0,0.0,0.0,0.0,0.0,0.0,0.4531486070635996,0.0,0.0,0.0,0.0,0.0,0.0,0.0,0.0,0.0,0.4531486070635996,0.0,0.0,0.0,0.0,0.0,0.0,0.0,0.0,0.0,0.0,0.676998708968136,0.0,0.0,0.0,0.0,0.0,0.0,0.0,0.0,0.0,0.0,0.36191909025100605,0.0,0.0,0.0,0.0,0.0,0.0,0.0,0.0,0.0,0.0,0.0
0.0,0.0,0.0,0.0,0.0,0.0,0.47409367713237904,0.0,0.0,0.0,0.0,0.0,0.0,0.0,0.0,0.0,0.47409367713237904,0.0,0.0,0.0,0.0,0.0,0.0,0.0,0.0,0.0,0.0,0.7082903982170465,0.0,0.0,0.0,0.0,0.0,0.0,0.0,0.0,0.0,0.0,0.0,0.0,0.0,0.0,0.0,0.0,0.0,0.0,0.22089608959811075,0.0,0.0,0.0
0.0,0.0,0.0,0.0,0.0,0.0,0.6715957685358417,0.0,0.0,0.0,0.0,0.0,0.0,0.0,0.0,0.0,0.6715957685358417,0.0,0.0,0.0,0.0,0.0,0.0,0.0,0.0,0.0,0.0,0.0,0.0,0.0,0.0,0.0,0.0,0.0,0.0,0.0,0.0,0.0,0.0,0.0,0.0,0.0,0.0,0.0,0.0,0.0,0.31291891500755326,0.0,0.0,0.0
0.0,0.0,0.0,0.0,0.0,0.0,0.22099036626758578,0.0,0.2913957977865549,0.0,0.0,0.0,0.0,0.0,0.0,0.0,0.22099036626758578,0.0,0.0,0.5827915955731098,0.0,0.0,0.0,0.0,0.0,0.0,0.0,0.0,0.0,0.0,0.0,0.0,0.0,0.0,0.0,0.6603140352875596,0.0,0.0,0.17649978631088664,0.0,0.0,0.0,0.0,0.0,0.0,0.0,0.10296679770680277,0.0,0.0,0.0
0.0,0.3643806599436479,0.0,0.0,0.0,0.0,0.24389793703749998,0.0,0.0,0.0,0.0,0.0,0.0,0.3643806599436479,0.3517422784990117,0.0,0.24389793703749998,0.0,0.0,0.0,0.0,0.0,0.0,0.0,0.0,0.3517422784990117,0.31336611392795066,0.0,0.0,0.0,0.0,0.3643806599436479,0.0,0.0,0.0,0.0,0.0,0.29224618652369005,0.0,0.0,0.0,0.0,0.0,0.0,0.0,0.0,0.2272804011161127,0.0,0.0,0.0
0.0,0.3643806599436479,0.0,0.0,0.0,0.0,0.24389793703749998,0.0,0.0,0.0,0.0,0.0,0.0,0.3643806599436479,0.3517422784990117,0.0,0.24389793703749998,0.0,0.0,0.0,0.0,0.0,0.0,0.0,0.0,0.3517422784990117,0.31336611392795066,0.0,0.0,0.0,0.0,0.3643806599436479,0.0,0.0,0.0,0.0,0.0,0.29224618652369005,0.0,0.0,0.0,0.0,0.0,0.0,0.0,0.0,0.2272804011161127,0.0,0.0,0.0
0.0,0.3643806599436479,0.0,0.0,0.0,0.0,0.24389793703749998,0.0,0.0,0.0,0.0,0.0,0.0,0.3643806599436479,0.3517422784990117,0.0,0.24389793703749998,0.0,0.0,0.0,0.0,0.0,0.0,0.0,0.0,0.3517422784990117,0.31336611392795066,0.0,0.0,0.0,0.0,0.3643806599436479,0.0,0.0,0.0,0.0,0.0,0.29224618652369005,0.0,0.0,0.0,0.0,0.0,0.0,0.0,0.0,0.2272804011161127,0.0,0.0,0.0
0.0,0.0,0.0,0.0,0.0,0.0,0.6715957685358417,0.0,0.0,0.0,0.0,0.0,0.0,0.0,0.0,0.0,0.6715957685358417,0.0,0.0,0.0,0.0,0.0,0.0,0.0,0.0,0.0,0.0,0.0,0.0,0.0,0.0,0.0,0.0,0.0,0.0,0.0,0.0,0.0,0.0,0.0,0.0,0.0,0.0,0.0,0.0,0.0,0.31291891500755326,0.0,0.0,0.0
0.0,0.0,0.0,0.0,0.0,0.0,0.0,0.0,0.0,0.0,0.0,0.0,0.0,0.0,0.0,0.0,0.906437673480526,0.0,0.0,0.0,0.0,0.0,0.0,0.0,0.0,0.0,0.0,0.0,0.0,0.0,0.0,0.0,0.0,0.0,0.0,0.0,0.0,0.0,0.0,0.0,0.0,0.0,0.0,0.0,0.0,0.0,0.4223396075378335,0.0,0.0,0.0
0.0,0.0,0.0,0.0,0.0,0.0,0.2961248475874953,0.0,0.7809348223143504,0.0,0.0,0.0,0.0,0.0,0.0,0.0,0.2961248475874953,0.0,0.0,0.0,0.0,0.0,0.0,0.0,0.0,0.0,0.0,0.0,0.0,0.0,0.0,0.4424070523116127,0.0,0.0,0.0,0.0,0.0,0.0,0.0,0.0,0.0,0.0,0.0,0.0,0.0,0.0,0.1379744637401045,0.0,0.0,0.0
0.0,0.0,0.0,0.0,0.0,0.0,0.502787204522747,0.0,0.662970431938993,0.0,0.0,0.0,0.0,0.0,0.0,0.0,0.502787204522747,0.0,0.0,0.0,0.0,0.0,0.0,0.0,0.0,0.0,0.0,0.0,0.0,0.0,0.0,0.0,0.0,0.0,0.0,0.0,0.0,0.0,0.0,0.0,0.0,0.0,0.0,0.0,0.0,0.0,0.2342653630202888,0.0,0.0,0.0
0.0,0.0,0.0,0.0,0.0,0.0,0.35299425074532925,0.0,0.46545486596213564,0.0,0.0,0.0,0.0,0.0,0.0,0.0,0.35299425074532925,0.0,0.0,0.0,0.0,0.0,0.0,0.0,0.0,0.0,0.0,0.5273692742350676,0.0,0.0,0.0,0.0,0.0,0.0,0.0,0.0,0.47851076774957174,0.0,0.0,0.0,0.0,0.0,0.0,0.0,0.0,0.0,0.16447181939211056,0.0,0.0,0.0
0.0,0.0,0.0,0.0,0.0,0.0,0.48241404489422046,0.0,0.0,0.0,0.0,0.0,0.0,0.0,0.0,0.0,0.48241404489422046,0.0,0.0,0.0,0.0,0.0,0.0,0.0,0.0,0.0,0.0,0.0,0.0,0.0,0.0,0.0,0.0,0.0,0.0,0.0,0.0,0.0,0.0,0.0,0.0,0.0,0.0,0.0,0.6957230446148792,0.0,0.2247728270263042,0.0,0.0,0.0
0.0,0.0,0.0,0.0,0.0,0.0,0.43385695427805365,0.0,0.0,0.0,0.0,0.0,0.4031607598353074,0.0,0.0,0.0,0.43385695427805365,0.0,0.0,0.0,0.0,0.0,0.0,0.0,0.0,0.0,0.0,0.6481772057656708,0.0,0.0,0.0,0.0,0.0,0.0,0.0,0.0,0.0,0.0,0.0,0.0,0.0,0.0,0.0,0.0,0.0,0.0,0.20214845560618638,0.0,0.0,0.0
0.0,0.0,0.0,0.0,0.0,0.0,0.5084686014287295,0.0,0.0,0.0,0.0,0.0,0.0,0.0,0.0,0.0,0.5084686014287295,0.0,0.0,0.0,0.0,0.0,0.0,0.0,0.0,0.0,0.0,0.0,0.0,0.0,0.0,0.0,0.0,0.0,0.0,0.0,0.0,0.0,0.0,0.6532930602836651,0.0,0.0,0.0,0.0,0.0,0.0,0.23691251572558825,0.0,0.0,0.0
